har_file,entries,tile_requests,saved_best_updates
4eedb214-f0b6-49ad-9b41-ef65845f29c9.har,350,220,158
9e7f1a6e-e5dd-49d3-a800-bb25b21a4366.har,413,283,37
0e987cc0-50bb-4711-9790-6fa26dba789a.har,540,393,12
8d6ce46a-f99e-49b2-ac40-18207f913199.har,571,421,25
1758cc68-4ed8-4eb0-bb66-613c84ef071a.har,583,430,6
62c1f515-72f1-412c-b045-29bfd73efcee.har,595,439,6
f78fd82a-f891-411c-b317-39b664616831.har,699,472,25
4feedc45-a6c6-4e0a-88f1-0f863a849a7e.har,609,447,0
229f3a25-8f1a-4ccd-94a2-42f34601c44a.har,732,487,12
6273f611-d928-4a11-a696-e311285efcff.har,621,453,0
a69cb0eb-bd15-4b3f-ae5f-1901ff5fad57.har,638,453,0
52ceddfe-6a42-4d1f-b3ce-8e9279d73890.har,657,472,0
919ec357-11df-4294-92bd-4ef2d4c76c86.har,714,472,0
7977ee3d-8957-40f5-b064-ef7535d18bd8.har,678,472,0
