insert into public.profiles (
  id,
  slug,
  full_name,
  role,
  phone,
  avatar_url,
  bio,
  specialty_districts,
  specialty_segment,
  achievements,
  facebook_url,
  tiktok_url,
  zalo_url,
  follow_count,
  is_active
)
values
  (
    'minh-anh',
    'minh-anh',
    'Tran Minh Anh',
    'nhan_vien',
    '0909000001',
    null,
    'Tap trung nha pho thanh khoan tot, uu tien can co video review that va chu nha hop tac.',
    array['Quan 3', 'Phu Nhuan'],
    'Nha o ket hop khai thac cho thue 12-20 ty',
    array['38 video trong 60 ngay', '12 lead xem nha/thang', 'Ty le hen xem nha 31%'],
    'https://fb.com/minhanh.bomtan',
    'https://tiktok.com/@minhanh.nhapho',
    '0909000001',
    142000,
    true
  ),
  (
    'ngoc-han',
    'ngoc-han',
    'Le Ngoc Han',
    'nhan_vien',
    '0909000002',
    null,
    'Manh o video phan tich dong tien va tai san mat tien kinh doanh.',
    array['Quan 10', 'Quan 11'],
    'Mat tien kinh doanh va tai san dong tien',
    array['Gia tri hang dang quan ly 180 ty', '7 can dong tien dang phu trach'],
    'https://fb.com/ngochan.bomtan',
    'https://tiktok.com/@ngochan.matien',
    '0909000002',
    118000,
    true
  ),
  (
    'bao-long',
    'bao-long',
    'Pham Bao Long',
    'cong_tac_vien',
    '0909000003',
    null,
    'Tap trung nguon hang vua tam, de ra giao dich nhanh cho nguoi mua o thuc.',
    array['Quan 5', 'Quan 6'],
    'Nha tam trung 8-12 ty',
    array['17 chu nha gui thong tin tu profile ca nhan'],
    'https://fb.com/baolong.bomtan',
    'https://tiktok.com/@baolong.q5',
    '0909000003',
    64000,
    true
  ),
  (
    'thao-vu',
    'thao-vu',
    'Vu Minh Thao',
    'nhan_vien',
    '0909000004',
    null,
    'Phu trach nha pho trung tam, manh o khau chot lich xem nha va xu ly lead nong.',
    array['Quan 1', 'Quan 3'],
    'Nha trung tam 15-30 ty',
    array['26 lich xem nha dat trong 45 ngay', '8 lead tu video chuyen sang dam phan'],
    'https://fb.com/thaovu.bomtan',
    'https://tiktok.com/@thaovu.center',
    '0909000004',
    87000,
    true
  ),
  (
    'duc-huy',
    'duc-huy',
    'Nguyen Duc Huy',
    'cong_tac_vien',
    '0909000005',
    null,
    'Theo sat nguon nha khu cho lon va nha khai thac cho thue nho.',
    array['Quan 5', 'Quan 10'],
    'Nha cho thue va nha gia tot',
    array['12 listing doc quyen dang phu trach'],
    'https://fb.com/duchuy.bomtan',
    'https://tiktok.com/@duchuy.phonho',
    '0909000005',
    52000,
    true
  )
on conflict (id) do update
set
  slug = excluded.slug,
  full_name = excluded.full_name,
  role = excluded.role,
  phone = excluded.phone,
  avatar_url = excluded.avatar_url,
  bio = excluded.bio,
  specialty_districts = excluded.specialty_districts,
  specialty_segment = excluded.specialty_segment,
  achievements = excluded.achievements,
  facebook_url = excluded.facebook_url,
  tiktok_url = excluded.tiktok_url,
  zalo_url = excluded.zalo_url,
  follow_count = excluded.follow_count,
  is_active = excluded.is_active;

insert into public.listings (
  id,
  slug,
  title,
  district,
  ward,
  street,
  address_line,
  price_label,
  area_label,
  dimensions,
  layout_text,
  house_type,
  legal_status,
  occupancy_status,
  status,
  advantages,
  caution_notes,
  suitable_for,
  manager_profile_id,
  manager_slug,
  manager_name,
  hero_note,
  approval_status
)
values
  ('L-Q3-001', 'hem-xe-hoi-nguyen-dinh-chieu-q3', 'Nha hem xe hoi 5 tang gan Vo Van Tan', 'Quan 3', 'Vo Thi Sau', 'Nguyen Dinh Chieu', 'Nguyen Dinh Chieu, Vo Thi Sau, Quan 3', '14.8 ty', '58 m2', '4.1m x 14.2m', '1 tret 3 lau san thuong, 5 phong ngu', 'Hem xe hoi', 'So hong rieng, hoan cong day du', 'Chu dang o, co the ban giao som', 'con_ban', array['Hem sach, xe hoi quay dau', 'Noi that dong bo, vao o ngay', 'Phu hop o gia dinh ket hop van phong nho'], 'Gia thuong luong tot khi thanh toan nhanh.', array['O gia dinh', 'Van phong', 'Cho thue phong'], 'minh-anh', 'minh-anh', 'Tran Minh Anh', 'Can nha de len video review nho anh sang tot.', 'approved'),
  ('L-Q10-002', 'mat-tien-su-van-hanh-q10', 'Mat tien Su Van Hanh co dong tien san', 'Quan 10', 'Phuong 12', 'Su Van Hanh', 'Su Van Hanh, Phuong 12, Quan 10', '26 ty', '72 m2', '4m x 18m', '1 tret 2 lau, mat bang kinh doanh', 'Mat tien', 'So hong rieng', 'Dang cho thue 55 trieu/thang', 'dang_thuong_luong', array['Mat tien de nhan dien thuong hieu', 'Dong tien co san', 'Phu hop retail'], 'Can kiem tra dieu khoan hop dong thue hien tai.', array['Dau tu', 'Kinh doanh', 'Giu tai san dong tien'], 'ngoc-han', 'ngoc-han', 'Le Ngoc Han', 'Diem ban la dong tien that.', 'approved'),
  ('L-Q5-003', 'hem-ba-gac-tran-hung-dao-q5', 'Nha hem ba gac gan benh vien Cho Ray', 'Quan 5', 'Phuong 4', 'Tran Hung Dao', 'Tran Hung Dao, Phuong 4, Quan 5', '9.6 ty', '45 m2', '3.8m x 11.8m', '1 tret 2 lau, 4 phong ngu', 'Hem ba gac', 'So hong rieng', 'Dang trong', 'con_ban', array['Gia tam trung de tiep can', 'Gan benh vien, de cho thue', 'Khu vuc co nhu cau o thuc'], 'Hem khong vao duoc xe hoi.', array['O', 'Cho thue', 'Dau tu vua tam'], 'bao-long', 'bao-long', 'Pham Bao Long', 'Hop video dang so sanh value theo ngan sach 10 ty.', 'approved'),
  ('L-Q1-004', 'nha-trung-tam-nguyen-thai-binh-q1', 'Nha trung tam Nguyen Thai Binh gan pho di bo', 'Quan 1', 'Nguyen Thai Binh', 'Ky Con', 'Ky Con, Nguyen Thai Binh, Quan 1', '31 ty', '64 m2', '4m x 16m', '1 tret 3 lau, san thuong', 'Hem xe hoi', 'So hong rieng', 'Cho thue ngan han', 'con_ban', array['Gan trung tam tai chinh', 'Hop o ket hop khai thac Airbnb', 'San thuong thoang'], 'Can xem lai quy dinh khai thac luu tru ngan han.', array['O', 'Dau tu', 'Khai thac cho thue'], 'thao-vu', 'thao-vu', 'Vu Minh Thao', 'Khach xem nha thuong chot nhanh vi vi tri.', 'approved'),
  ('L-Q3-005', 'nha-dep-cach-mang-thang-8-q3', 'Nha dep hem rong Cach Mang Thang 8', 'Quan 3', 'Phuong 11', 'Cach Mang Thang 8', 'Cach Mang Thang 8, Phuong 11, Quan 3', '17.2 ty', '61 m2', '4.2m x 14.5m', '1 tret 2 lau, 4 phong ngu', 'Hem xe hoi', 'So hong rieng', 'Chu dang o', 'con_ban', array['Hem rong sach', 'Gan ga Metro tuong lai', 'De quay house tour'], 'Can hen truoc 2 gio voi chu nha.', array['O gia dinh', 'Dau tu giu tien'], 'minh-anh', 'minh-anh', 'Tran Minh Anh', 'Anh sang tu nhien rat tot.', 'approved'),
  ('L-Q10-006', 'nha-mat-tien-3-thang-2-q10', 'Nha mat tien 3 Thang 2 cho thue on dinh', 'Quan 10', 'Phuong 14', '3 Thang 2', '3 Thang 2, Phuong 14, Quan 10', '29 ty', '80 m2', '4m x 20m', '1 tret 3 lau', 'Mat tien', 'So hong rieng', 'Dang cho thue 65 trieu/thang', 'con_ban', array['Vi tri de kinh doanh', 'Dong tien on dinh', 'Phu hop nha dau tu'], 'Can doi chieu ky han hop dong thue.', array['Dau tu', 'Kinh doanh'], 'ngoc-han', 'ngoc-han', 'Le Ngoc Han', 'Dong tien ro rang, de no video.', 'approved'),
  ('L-Q5-007', 'nha-gan-cho-an-dong-q5', 'Nha gan Cho An Dong de cai tao cho thue', 'Quan 5', 'Phuong 9', 'An Duong Vuong', 'An Duong Vuong, Phuong 9, Quan 5', '11.3 ty', '52 m2', '4m x 13m', '1 tret 2 lau', 'Hem ba gac', 'So hong rieng', 'Dang trong', 'con_ban', array['Gia mem de vao deal', 'Khu cho lon de khai thac phong', 'Nguon hang de tim buyer o thuc'], 'Can du tru chi phi cai tao.', array['Cho thue', 'Dau tu vua tam'], 'duc-huy', 'duc-huy', 'Nguyen Duc Huy', 'Goc ban la bai toan cai tao va cashflow.', 'approved'),
  ('L-PN-008', 'nha-hem-dang-van-ngu-phu-nhuan', 'Nha hem xe hoi Dang Van Ngu gan san bay', 'Phu Nhuan', 'Phuong 10', 'Dang Van Ngu', 'Dang Van Ngu, Phuong 10, Phu Nhuan', '15.5 ty', '56 m2', '4m x 14m', '1 tret 3 lau', 'Hem xe hoi', 'So hong rieng', 'Chu dang o', 'con_ban', array['Di chuyen nhanh vao trung tam', 'Nguon khach o thuc tot', 'Can nha gon gang'], 'Duong dong xe gio cao diem.', array['O gia dinh', 'Cho thue'], 'minh-anh', 'minh-anh', 'Tran Minh Anh', 'Can nha gon, de quay clip 45 giay.', 'approved'),
  ('L-Q11-009', 'nha-mat-tien-le-dai-hanh-q11', 'Nha mat tien Le Dai Hanh gan khu mua sam', 'Quan 11', 'Phuong 15', 'Le Dai Hanh', 'Le Dai Hanh, Phuong 15, Quan 11', '22.4 ty', '68 m2', '4m x 17m', '1 tret 2 lau', 'Mat tien', 'So hong rieng', 'Dang cho thue nhe', 'dang_thuong_luong', array['Vi tri de mo shop', 'Ty le lap day khu vuc cao', 'Hop dau tu dong tien'], 'Can soat phap ly bien quang cao.', array['Kinh doanh', 'Dau tu'], 'ngoc-han', 'ngoc-han', 'Le Ngoc Han', 'Mat bang de dong mo nhanh.', 'approved'),
  ('L-Q6-010', 'nha-hem-hau-giang-q6', 'Nha hem Hau Giang gia tot cho nguoi mua o', 'Quan 6', 'Phuong 11', 'Hau Giang', 'Hau Giang, Phuong 11, Quan 6', '8.9 ty', '48 m2', '4m x 12m', '1 tret 1 lau', 'Hem ba gac', 'So hong rieng', 'Dang trong', 'con_ban', array['Gia de tiep can', 'Khu dan cu lau doi', 'Phu hop buyer o thuc'], 'Can review lai noi that truoc khi quay video.', array['O gia dinh', 'Dau tu nho'], 'bao-long', 'bao-long', 'Pham Bao Long', 'Phu hop video so sanh ngan sach duoi 10 ty.', 'approved')
on conflict (id) do update
set
  slug = excluded.slug,
  title = excluded.title,
  district = excluded.district,
  ward = excluded.ward,
  street = excluded.street,
  address_line = excluded.address_line,
  price_label = excluded.price_label,
  area_label = excluded.area_label,
  dimensions = excluded.dimensions,
  layout_text = excluded.layout_text,
  house_type = excluded.house_type,
  legal_status = excluded.legal_status,
  occupancy_status = excluded.occupancy_status,
  status = excluded.status,
  advantages = excluded.advantages,
  caution_notes = excluded.caution_notes,
  suitable_for = excluded.suitable_for,
  manager_profile_id = excluded.manager_profile_id,
  manager_slug = excluded.manager_slug,
  manager_name = excluded.manager_name,
  hero_note = excluded.hero_note,
  approval_status = excluded.approval_status;

insert into public.videos (
  id,
  slug,
  title,
  description,
  video_source_type,
  video_url,
  embed_code,
  embed_url,
  thumbnail_url,
  duration_seconds,
  content_type,
  listing_id,
  reviewer_profile_id,
  reviewer_slug,
  reviewer_name,
  district_tag,
  street_tag,
  price_tag,
  house_type_tag,
  approval_status,
  view_count_label,
  like_count_label,
  comment_count_label,
  share_count_label,
  published_at
)
values
  ('vid-001', 'nha-hem-xe-hoi-nguyen-dinh-chieu', 'Nha pho Quan 3 hem xe hoi 8-10 ty - phap ly dep', 'House tour nha hem xe hoi gan Vo Van Tan, nhan vao anh sang va bo cuc de o.', 'youtube', 'https://www.youtube.com/watch?v=ysz5S6PUM-U', null, 'https://www.youtube.com/embed/ysz5S6PUM-U', 'https://images.unsplash.com/photo-1460317442991-0ec209397118?auto=format&fit=crop&w=900&q=80', 46, 'review_nha', 'L-Q3-001', 'minh-anh', 'minh-anh', 'Tran Minh Anh', 'Quan 3', 'Nguyen Dinh Chieu', '8-10 ty', 'Hem xe hoi', 'approved', '12.4K', '12.4K', '284', 'Share', now()),
  ('vid-002', 'mat-tien-cho-thue-quan-10', 'Gia nha Q10 nam 2026 - mua luc nay co loi?', 'Phan tich nhanh dong tien va goc nhin nha dau tu voi tai san mat tien.', 'facebook', 'https://www.facebook.com/reel/123456789012345', '<iframe src=\"https://www.facebook.com/plugins/video.php?href=https%3A%2F%2Fwww.facebook.com%2Freel%2F123456789012345&show_text=false\" width=\"560\" height=\"315\" style=\"border:none;overflow:hidden\" scrolling=\"no\" allowfullscreen=\"true\"></iframe>', 'https://www.facebook.com/plugins/video.php?href=https%3A%2F%2Fwww.facebook.com%2Freel%2F123456789012345&show_text=false', 'https://images.unsplash.com/photo-1512917774080-9991f1c4c750?auto=format&fit=crop&w=900&q=80', 65, 'review_nha', 'L-Q10-002', 'ngoc-han', 'ngoc-han', 'Le Ngoc Han', 'Quan 10', 'Su Van Hanh', '20-30 ty', 'Mat tien', 'approved', '8.7K', '8.7K', '146', 'Share', now()),
  ('vid-003', 'so-hong-vs-so-do-khac-nhau-cho-nao', 'So hong vs So do - khac nhau cho nao?', 'Noi dung kien thuc co ban giup buyer moi vao nghe de hieu phap ly.', 'tiktok', 'https://www.tiktok.com/@example/video/7298140012345678901', null, 'https://www.tiktok.com/embed/v2/7298140012345678901', 'https://images.unsplash.com/photo-1484154218962-a197022b5858?auto=format&fit=crop&w=900&q=80', 59, 'kien_thuc', null, 'bao-long', 'bao-long', 'Pham Bao Long', 'Kien thuc', 'Chuyen de', 'Phap ly', 'Kien thuc', 'approved', '22.1K', '22.1K', '512', 'Share', now()),
  ('vid-004', 'house-tour-ky-con-q1', 'House tour nha trung tam Ky Con Quan 1', 'Clip dan khach di nhanh qua tung tang, cham vao vi tri va kha nang khai thac.', 'youtube', 'https://www.youtube.com/watch?v=jNQXAC9IVRw', null, 'https://www.youtube.com/embed/jNQXAC9IVRw', 'https://images.unsplash.com/photo-1502672260266-1c1ef2d93688?auto=format&fit=crop&w=900&q=80', 51, 'review_nha', 'L-Q1-004', 'thao-vu', 'thao-vu', 'Vu Minh Thao', 'Quan 1', 'Ky Con', '30+ ty', 'Hem xe hoi', 'approved', '6.3K', '6.3K', '91', 'Share', now()),
  ('vid-005', 'review-cach-mang-thang-8-q3', 'Review nha dep Cach Mang Thang 8 Quan 3', 'Nhan vao bo tri phong, do rong hem va tinh de ban voi khach o thuc.', 'youtube', 'https://www.youtube.com/watch?v=aqz-KE-bpKQ', null, 'https://www.youtube.com/embed/aqz-KE-bpKQ', 'https://images.unsplash.com/photo-1494526585095-c41746248156?auto=format&fit=crop&w=900&q=80', 48, 'review_nha', 'L-Q3-005', 'minh-anh', 'minh-anh', 'Tran Minh Anh', 'Quan 3', 'Cach Mang Thang 8', '15-20 ty', 'Hem xe hoi', 'approved', '5.8K', '5.8K', '74', 'Share', now()),
  ('vid-006', 'dong-tien-3-thang-2-q10', 'Tai san 3 Thang 2 co dong tien 65 trieu/thang', 'Noi dung danh cho nha dau tu muon vao tai san co hop dong thue san.', 'facebook', 'https://www.facebook.com/reel/223456789012345', null, 'https://www.facebook.com/plugins/video.php?href=https%3A%2F%2Fwww.facebook.com%2Freel%2F223456789012345&show_text=false', 'https://images.unsplash.com/photo-1505693416388-ac5ce068fe85?auto=format&fit=crop&w=900&q=80', 57, 'review_nha', 'L-Q10-006', 'ngoc-han', 'ngoc-han', 'Le Ngoc Han', 'Quan 10', '3 Thang 2', '25-30 ty', 'Mat tien', 'approved', '4.9K', '4.9K', '63', 'Share', now()),
  ('vid-007', 'cai-tao-nha-cho-an-dong', 'Co nen mua nha can cai tao gan Cho An Dong?', 'Video kien thuc review bai toan cai tao va cach dinh gia lai sau sua.', 'tiktok', 'https://www.tiktok.com/@example/video/7298140012345678902', null, 'https://www.tiktok.com/embed/v2/7298140012345678902', 'https://images.unsplash.com/photo-1505693416388-ac5ce068fe85?auto=format&fit=crop&w=900&q=80', 43, 'review_nha', 'L-Q5-007', 'duc-huy', 'duc-huy', 'Nguyen Duc Huy', 'Quan 5', 'An Duong Vuong', '10-12 ty', 'Hem ba gac', 'approved', '3.2K', '3.2K', '42', 'Share', now()),
  ('vid-008', 'hem-dang-van-ngu-phu-nhuan', 'Nha hem Dang Van Ngu di san bay rat nhanh', 'House tour can nha gon, hop buyer o thuc can di chuyen linh hoat.', 'youtube', 'https://www.youtube.com/watch?v=ScMzIvxBSi4', null, 'https://www.youtube.com/embed/ScMzIvxBSi4', 'https://images.unsplash.com/photo-1505693416388-ac5ce068fe85?auto=format&fit=crop&w=900&q=80', 44, 'review_nha', 'L-PN-008', 'minh-anh', 'minh-anh', 'Tran Minh Anh', 'Phu Nhuan', 'Dang Van Ngu', '15-17 ty', 'Hem xe hoi', 'approved', '2.7K', '2.7K', '31', 'Share', now()),
  ('vid-009', 'mat-tien-le-dai-hanh-q11', 'Mat tien Le Dai Hanh phu hop mo shop gi?', 'Clip phan tich nguon khach va kha nang lap day khu vuc mua sam.', 'facebook', 'https://www.facebook.com/reel/323456789012345', null, 'https://www.facebook.com/plugins/video.php?href=https%3A%2F%2Fwww.facebook.com%2Freel%2F323456789012345&show_text=false', 'https://images.unsplash.com/photo-1448630360428-65456885c650?auto=format&fit=crop&w=900&q=80', 52, 'review_nha', 'L-Q11-009', 'ngoc-han', 'ngoc-han', 'Le Ngoc Han', 'Quan 11', 'Le Dai Hanh', '20-25 ty', 'Mat tien', 'approved', '3.9K', '3.9K', '55', 'Share', now()),
  ('vid-010', 'buyer-duoi-10-ty-can-luu-y-gi', 'Buyer duoi 10 ty can check gi truoc khi dat coc?', 'Noi dung checklist mua nha cho buyer moi vao thi truong nha pho.', 'tiktok', 'https://www.tiktok.com/@example/video/7298140012345678903', null, 'https://www.tiktok.com/embed/v2/7298140012345678903', 'https://images.unsplash.com/photo-1493809842364-78817add7ffb?auto=format&fit=crop&w=900&q=80', 39, 'kien_thuc', null, 'bao-long', 'bao-long', 'Pham Bao Long', 'Checklist', 'Buyer moi', 'Duoi 10 ty', 'Kien thuc', 'approved', '7.1K', '7.1K', '88', 'Share', now())
on conflict (id) do update
set
  slug = excluded.slug,
  title = excluded.title,
  description = excluded.description,
  video_source_type = excluded.video_source_type,
  video_url = excluded.video_url,
  embed_code = excluded.embed_code,
  embed_url = excluded.embed_url,
  thumbnail_url = excluded.thumbnail_url,
  duration_seconds = excluded.duration_seconds,
  content_type = excluded.content_type,
  listing_id = excluded.listing_id,
  reviewer_profile_id = excluded.reviewer_profile_id,
  reviewer_slug = excluded.reviewer_slug,
  reviewer_name = excluded.reviewer_name,
  district_tag = excluded.district_tag,
  street_tag = excluded.street_tag,
  price_tag = excluded.price_tag,
  house_type_tag = excluded.house_type_tag,
  approval_status = excluded.approval_status,
  view_count_label = excluded.view_count_label,
  like_count_label = excluded.like_count_label,
  comment_count_label = excluded.comment_count_label,
  share_count_label = excluded.share_count_label,
  published_at = excluded.published_at;

insert into public.buyer_leads (
  id,
  full_name,
  phone,
  preferred_district,
  budget_label,
  house_type,
  dimensions_request,
  purpose,
  notes,
  source_type,
  source_id,
  assigned_profile_id,
  assigned_profile_name,
  status,
  created_at
)
values
  ('buyer-001', 'Nguyen Van A', '0912300001', 'Quan 3', '8-12 ty', 'Hem xe hoi', 'Ngang 4m+', 'O', 'Uu tien phap ly chuan, xem nha cuoi tuan.', 'video', 'vid-001', 'minh-anh', 'Tran Minh Anh', 'moi', '2026-05-24T08:30:00.000Z'),
  ('buyer-002', 'Le Thi C', '0912300002', 'Quan 10', '20-30 ty', 'Mat tien', 'Ngang 4m+', 'Dau tu', 'Can tai san co dong tien, muon xem trong tuan nay.', 'video', 'vid-006', 'ngoc-han', 'Le Ngoc Han', 'dang_tu_van', '2026-05-24T10:00:00.000Z')
on conflict (id) do update
set
  full_name = excluded.full_name,
  phone = excluded.phone,
  preferred_district = excluded.preferred_district,
  budget_label = excluded.budget_label,
  house_type = excluded.house_type,
  dimensions_request = excluded.dimensions_request,
  purpose = excluded.purpose,
  notes = excluded.notes,
  source_type = excluded.source_type,
  source_id = excluded.source_id,
  assigned_profile_id = excluded.assigned_profile_id,
  assigned_profile_name = excluded.assigned_profile_name,
  status = excluded.status,
  created_at = excluded.created_at;

insert into public.owner_leads (
  id,
  owner_name,
  phone,
  address_line,
  expected_price,
  dimensions_text,
  layout_text,
  legal_status,
  occupancy_status,
  media_notes,
  source_type,
  source_id,
  assigned_profile_id,
  assigned_profile_name,
  status,
  created_at
)
values
  ('owner-001', 'Tran Thi B', '0908400002', '142 Le Van Sy, Phuong 10, Quan 3', '12.5 ty', '4m x 18m', '1 tret 2 lau', 'So hong', 'Dang o', 'Co san 8 anh va 1 video quay bang dien thoai.', 'direct', null, 'ngoc-han', 'Le Ngoc Han', 'dang_xac_minh', '2026-05-24T09:10:00.000Z'),
  ('owner-002', 'Pham Van D', '0908400003', '52 Hau Giang, Phuong 11, Quan 6', '9.2 ty', '4m x 12m', '1 tret 1 lau', 'So hong', 'Dang trong', 'Chu nha co the mo cua xem bat ky buoi chieu nao.', 'profile', 'bao-long', 'bao-long', 'Pham Bao Long', 'moi', '2026-05-24T11:15:00.000Z')
on conflict (id) do update
set
  owner_name = excluded.owner_name,
  phone = excluded.phone,
  address_line = excluded.address_line,
  expected_price = excluded.expected_price,
  dimensions_text = excluded.dimensions_text,
  layout_text = excluded.layout_text,
  legal_status = excluded.legal_status,
  occupancy_status = excluded.occupancy_status,
  media_notes = excluded.media_notes,
  source_type = excluded.source_type,
  source_id = excluded.source_id,
  assigned_profile_id = excluded.assigned_profile_id,
  assigned_profile_name = excluded.assigned_profile_name,
  status = excluded.status,
  created_at = excluded.created_at;
